{"stats":{"minecraft:mined":{"minecraft:sand":1},"minecraft:custom":{"minecraft:jump":32,"minecraft:time_since_rest":3045,"minecraft:crouch_one_cm":940,"minecraft:leave_game":1,"minecraft:play_time":3045,"minecraft:sprint_one_cm":1308,"minecraft:time_since_death":3045,"minecraft:walk_one_cm":7181,"minecraft:sneak_time":454,"minecraft:total_world_time":3045,"minecraft:fall_one_cm":418,"minecraft:fly_one_cm":2052},"minecraft:used":{"minecraft:sand":1},"minecraft:picked_up":{"minecraft:sand":1}},"DataVersion":3465}